n_clusters,threshold,branching_factor,purity
2,1.2263265306122448,25,0.8083623693379791
