n_clusters,threshold,branching_factor,purity
2,0.6181632653061224,100,0.9930313588850174
