clustering_threshold,fading_factor,cleanup_interval,intersection_factor,minimum_weight,purity
1.5,0.05,60,0.3,0.75,0.9860627177700348
2.0,0.02,25,0.9,1.25,1.0
1.5,0.2,20,0.7,1.25,0.9895470383275261
1.5,0.1,40,0.3,2.5,0.9860627177700348
1.5,0.1,10,0.3,1.0,0.9860627177700348
1.5,0.2,35,0.3,0.1,0.9860627177700348
1.5,0.02,10,0.8,0.5,0.9372822299651568
1.5,0.04,35,0.3,0.1,0.9860627177700348
1.5,0.01,20,0.4,2.5,0.9860627177700348
