n_clusters,threshold,branching_factor,purity
6,0.13163265306122449,25,0.7871428571428571
