n_clusters,threshold,branching_factor,purity
2,0.6485714285714286,75,0.9407665505226481
