clustering_threshold,fading_factor,cleanup_interval,intersection_factor,minimum_weight,purity
1.5,0.03,5,0.3,1.5,0.5749128919860628
1.5,0.05,60,0.3,1.5,0.5749128919860628
2.0,0.04,35,0.9,0.5,0.8571428571428571
1.5,0.1,35,0.5,1.25,0.5749128919860628
1.5,0.05,35,0.3,1.0,0.5749128919860628
2.0,0.2,40,0.9,1.25,0.8571428571428571
1.5,0.05,25,0.3,2.5,0.5749128919860628
1.5,0.05,50,0.6,1.0,0.6411149825783972
