n_clusters,threshold,branching_factor,purity
3,0.4661224489795919,50,0.9333333333333333
