n_clusters,threshold,branching_factor,purity
10,0.10122448979591836,25,0.6928571428571428
