clustering_threshold,fading_factor,cleanup_interval,intersection_factor,minimum_weight,purity
1.5,0.05,30,0.1,1.25,0.9686411149825784
1.5,0.03,5,0.1,2.0,0.9686411149825784
1.5,0.1,10,0.2,2.0,0.9721254355400697
1.5,0.2,40,0.2,1.25,0.9198606271777003
