n_clusters,threshold,branching_factor,purity
2,1.013469387755102,25,0.9059233449477352
