n_clusters,threshold,branching_factor,purity
15,0.4357142857142857,75,0.7514285714285714
