clustering_threshold,fading_factor,cleanup_interval,intersection_factor,minimum_weight,purity
1.5,0.02,35,0.4,1.5,0.8095238095238095
2.0,0.02,20,0.6,1.0,0.6666666666666666
1.5,0.1,50,0.4,0.5,0.8095238095238095
1.5,0.2,25,0.2,3.0,0.7619047619047619
1.5,0.05,25,0.6,0.75,0.8571428571428571
1.5,0.2,10,0.1,1.0,0.7619047619047619
