n_clusters,threshold,branching_factor,purity
15,0.4053061224489796,50,0.8514285714285714
