clustering_threshold,fading_factor,cleanup_interval,intersection_factor,minimum_weight,purity
1.5,0.04,15,0.6,3.0,0.7770034843205574
1.5,0.02,40,0.1,0.25,0.6724738675958188
1.5,0.03,10,0.6,0.5,0.7770034843205574
1.5,0.1,40,0.5,1.0,0.6655052264808362
