n_clusters,threshold,branching_factor,purity
2,1.256734693877551,75,0.9860627177700348
