n_clusters,threshold,branching_factor,purity
2,0.8310204081632653,25,0.975609756097561
