n_clusters,threshold,branching_factor,purity
2,1.1046938775510204,25,0.8954703832752613
