n_clusters,threshold,branching_factor,purity
3,1.3175510204081633,50,0.8571428571428571
