clustering_threshold,fading_factor,cleanup_interval,intersection_factor,minimum_weight,purity
2.0,0.25,10,0.1,2.25,0.5470383275261324
1.8,0.2,10,0.45,0.1,0.9651567944250871
2.0,0.4,10,0.65,0.25,0.9198606271777003
