clustering_threshold,fading_factor,cleanup_interval,intersection_factor,minimum_weight,purity
1.5,0.04,25,0.2,0.5,0.8
2.0,0.01,20,0.9,3.0,0.7666666666666667
1.5,0.02,20,0.5,0.25,0.9333333333333333
2.0,0.02,15,0.6,0.1,0.7666666666666667
2.0,0.04,15,0.9,3.0,0.7666666666666667
1.5,0.1,50,0.6,3.0,0.8
