n_clusters,threshold,branching_factor,purity
15,0.3140816326530612,50,0.9657142857142857
