n_clusters,threshold,branching_factor,purity
2,0.8614285714285714,100,0.8466898954703833
