clustering_threshold,fading_factor,cleanup_interval,intersection_factor,minimum_weight,purity
1.5,0.2,5,0.6,0.1,0.9930313588850174
1.0,0.03,60,0.2,2.5,0.9547038327526133
1.5,0.02,35,0.7,2.0,0.9930313588850174
1.5,0.05,35,0.9,1.0,0.9930313588850174
